Date,Product,Region,Quantity,Price,Marketing_Spend,Sales
2025-03-21,Tablet,South,21,17293,6276,430980.39
2025-11-30,Headphones,West,1,6386,14646,58769.03
2025-06-16,Phone,West,6,27547,9327,188939.68
2025-10-25,Monitor,South,14,16564,19971,426099.96
2025-07-17,Headphones,South,4,4913,10800,46474.25
2025-04-13,Phone,East,22,26671,27171,554958.08
2025-10-29,Tablet,North,20,25586,28388,563385.16
2025-10-05,Laptop,West,9,63924,6969,539361.79
2025-06-16,Phone,South,18,24250,17992,523196.74
2025-01-26,Laptop,South,21,54835,9716,1215798.22
2025-10-10,Headphones,East,7,7731,21550,142599.64
2025-08-19,Monitor,West,4,22802,12297,136035.91
2025-07-03,Headphones,South,10,4465,7569,86342.36
2025-12-06,Phone,South,23,22376,5599,536961.71
2025-05-11,Laptop,East,7,67543,5834,555450.37
2025-06-11,Monitor,West,24,24816,10204,709032.61
2025-08-02,Headphones,East,22,3412,6654,99771.53
2025-03-14,Monitor,North,15,24785,22593,445402.33
2025-09-21,Phone,North,20,23865,22560,482088.14
2025-03-05,Phone,North,22,20079,4981,446767.03
2025-06-14,Phone,East,23,32587,19237,833264.21
2025-11-06,Tablet,West,16,24128,18983,459237.21
2025-06-13,Phone,West,13,29209,20556,416050.32
2025-06-04,Monitor,North,16,22275,10313,446397.17
2025-12-09,Headphones,North,18,4825,19221,170736.41
2025-04-11,Laptop,North,23,68378,4167,1939587.84
2025-10-01,Phone,West,11,20900,11745,302008.55
2025-04-19,Phone,North,6,20552,23168,160581.82
2025-06-28,Tablet,North,1,19049,21023,91337.95
2025-05-01,Laptop,South,21,54465,21874,1027448.73
2025-06-05,Phone,North,24,25615,16548,695122.03
2025-01-25,Tablet,West,14,23616,27320,502237.16
2025-09-25,Tablet,West,2,26732,26438,132768.71
2025-10-21,Tablet,East,11,26068,3558,312251.07
2025-11-23,Monitor,North,4,24737,27954,218625.38
2025-07-10,Headphones,West,13,2050,18117,110206.2
2025-03-09,Tablet,North,13,19049,22944,259557.3
2025-06-21,Phone,North,13,25750,15895,364128.96
2025-04-04,Phone,South,10,22625,19753,249467.57
2025-08-13,Monitor,South,8,12579,5794,133243.37
2025-02-19,Laptop,North,7,68176,17973,631219.04
2025-08-14,Tablet,East,11,25204,15838,395518.97
2025-08-30,Tablet,West,5,22846,16266,221813.87
2025-11-18,Phone,North,5,22088,5776,160232.44
2025-09-25,Monitor,North,7,22015,12162,214800.78
2025-10-26,Monitor,South,5,17179,28569,119657.44
2025-06-16,Monitor,North,7,23033,9200,178531.56
2025-10-30,Monitor,West,21,18182,5729,428542.6
2025-02-11,Tablet,East,6,15285,3707,114487.02
2025-08-16,Tablet,South,3,19890,28977,230269.75
2025-06-09,Headphones,South,3,3020,8789,38776.57
2025-05-03,Tablet,North,7,15682,17166,187972.33
2025-11-30,Tablet,West,22,24019,4839,530473.57
2025-01-17,Headphones,North,9,6690,3079,90326.9
2025-02-25,Tablet,North,1,27480,4329,48874.62
2025-04-23,Headphones,East,17,3387,23307,131464.56
2025-09-30,Laptop,East,13,68854,5796,789223.73
2025-10-06,Laptop,South,20,63131,26705,1340082.63
2025-04-01,Tablet,West,25,19533,13310,547593.58
2025-09-23,Headphones,North,9,5165,18209,115049.99
2025-11-04,Monitor,West,11,18942,5142,216882.07
2025-11-16,Tablet,East,6,16072,4801,110783.9
2025-04-18,Phone,South,23,26044,6194,522116.95
2025-04-13,Phone,West,17,29517,23592,570687.59
2025-02-01,Monitor,East,8,17352,28084,239565.45
2025-11-13,Laptop,South,7,52169,20579,422075.39
2025-09-09,Phone,South,1,27481,15240,86298.92
2025-09-17,Monitor,North,23,13929,28057,546283.04
2025-11-07,Phone,East,21,29740,21269,583652.75
2025-01-24,Headphones,South,3,3136,15902,99433.49
2025-08-29,Phone,East,7,28068,24557,326931.61
2025-05-19,Monitor,West,7,12831,29355,196514.56
2025-04-11,Tablet,West,6,21396,14710,201306.69
2025-09-22,Tablet,West,17,16029,20427,426719.24
2025-08-28,Tablet,North,6,24671,11744,217394.75
2025-09-14,Laptop,West,23,60207,29640,1482551.96
2025-08-31,Monitor,South,8,14133,9583,132456.41
2025-09-27,Headphones,North,14,6655,17236,162444.66
2025-02-05,Laptop,North,22,61572,17737,1196710.09
2025-05-15,Phone,West,22,20406,11921,559851.03
2025-07-01,Phone,East,1,20491,11421,94174.05
2025-11-24,Laptop,South,16,59261,10901,932409.44
2025-01-21,Headphones,West,6,2792,20656,125783.16
2025-09-02,Tablet,North,20,21395,5061,497878.15
2025-07-08,Phone,North,18,32203,12261,525397.74
2025-05-12,Phone,East,14,20798,17813,288510.26
2025-09-24,Phone,North,6,30378,25318,279796.96
2025-06-18,Headphones,South,8,6900,4920,80080.31
2025-11-02,Laptop,South,17,57795,13494,1131394.75
2025-12-24,Phone,West,11,27757,7694,249603.77
2025-12-12,Tablet,North,10,25405,28822,277360.08
2025-10-30,Tablet,West,5,27069,12526,157095.49
2025-12-08,Headphones,East,4,7189,17913,70897.77
2025-01-05,Tablet,West,8,26150,3247,226270.02
2025-02-25,Headphones,East,2,7616,5498,33057.58
2025-08-23,Monitor,West,8,23412,6594,213689.37
2025-02-06,Laptop,East,16,66746,23380,1068999.53
2025-12-05,Tablet,South,12,19437,6248,218540.58
2025-12-11,Laptop,West,15,68476,22527,993324.89
2025-04-09,Headphones,South,10,2917,22609,77859.02
2025-01-19,Phone,West,25,23109,5937,591806.43
2025-08-05,Phone,East,9,34553,11402,417287.06
2025-10-14,Tablet,East,9,15825,25307,254382.99
2025-03-05,Tablet,West,16,20234,25485,584411.25
2025-02-02,Headphones,South,12,6124,21795,173899.69
2025-06-19,Phone,North,3,33390,14766,144570.14
2025-05-21,Tablet,South,9,24259,6491,247470.86
2025-08-15,Tablet,West,19,23761,21878,519960.79
2025-03-26,Headphones,North,10,4685,23968,94458.39
2025-08-18,Headphones,East,19,3138,23700,103712.09
2025-11-24,Phone,South,20,21261,19681,473790.99
2025-06-11,Laptop,East,17,54872,9309,969611.33
2025-12-26,Phone,West,10,21361,15592,250154.65
2025-02-26,Monitor,East,6,15562,27275,247435.3
2025-06-05,Laptop,West,22,68333,5727,1779966.13
2025-12-15,Laptop,South,10,56855,21663,538150.34
2025-07-31,Headphones,East,13,4021,14597,116856.16
2025-04-08,Laptop,North,7,69128,23026,710442.81
2025-11-08,Tablet,North,15,17294,16886,330374.87
2025-01-01,Tablet,North,3,17477,27646,127919.42
2025-01-27,Laptop,North,10,64652,14668,782304.97
2025-03-11,Tablet,South,24,22475,17740,673646.64
2025-11-24,Tablet,East,8,19343,28952,225415.65
2025-06-30,Monitor,West,20,21806,24704,591929.32
2025-08-06,Laptop,North,17,61036,16686,1349455.41
2025-06-06,Monitor,North,25,18997,18670,454323.85
2025-10-16,Laptop,North,6,57278,23544,498503.47
2025-01-14,Phone,West,21,20022,11012,497908.33
2025-12-08,Laptop,South,8,56292,24330,501925.63
2025-04-07,Tablet,West,1,19245,21583,120068.15
2025-09-27,Laptop,North,17,61268,26830,1117388.58
2025-07-17,Monitor,East,17,23371,11746,461903.87
2025-07-28,Phone,South,1,24203,4352,48956.93
2025-09-07,Laptop,East,5,56174,27081,397362.04
2025-03-09,Laptop,East,25,54356,6839,1479191.03
2025-12-12,Laptop,North,15,61557,5954,708848.97
2025-06-19,Laptop,East,21,66218,29263,1366786.03
2025-12-16,Monitor,West,9,21698,20680,341048.44
2025-04-03,Laptop,North,25,56664,12368,1875711.76
2025-10-25,Tablet,West,11,15251,6021,159156.92
2025-04-03,Monitor,South,23,12514,13834,408999.92
2025-08-11,Headphones,East,11,3089,18155,117245.06
2025-02-14,Phone,West,6,23023,7521,206980.79
2025-09-09,Tablet,East,1,18516,14391,109722.18
2025-10-22,Tablet,South,22,18203,24706,634686.17
2025-03-14,Headphones,West,16,5268,18707,167477.44
2025-08-08,Headphones,North,12,5969,9446,75441.97
2025-08-07,Headphones,South,16,4040,21115,109487.43
2025-10-02,Headphones,North,17,5645,21606,185363.81
2025-11-01,Monitor,North,13,24291,11037,360242.18
2025-12-01,Tablet,South,9,25898,26884,373455.97
2025-12-18,Tablet,West,9,21752,21719,214923.46
2025-04-16,Phone,North,18,20405,23725,557084.7
2025-12-28,Phone,West,7,25159,14777,208761.5
2025-05-02,Monitor,West,20,18251,28677,480563.45
2025-10-30,Phone,West,20,31231,19956,601119.76
2025-01-06,Headphones,West,10,3941,4980,53859.34
2025-11-28,Monitor,North,23,16714,6985,338701.62
2025-05-31,Headphones,North,12,6257,17274,116747.09
2025-03-18,Phone,West,16,27514,28553,634223.25
2025-09-08,Monitor,North,19,19373,7888,382669.25
2025-11-23,Phone,South,10,24240,14541,268683.78
2025-08-30,Laptop,West,12,62301,13242,930365.62
2025-02-21,Headphones,South,25,2523,15103,110780.4
2025-06-24,Headphones,East,25,4004,17076,177340.09
2025-03-17,Tablet,North,1,16108,14996,64530.83
2025-05-31,Laptop,North,10,68322,10508,645210.35
2025-09-01,Tablet,South,6,15726,15803,179815.25
2025-08-21,Phone,West,8,31397,26156,257554.43
2025-03-19,Tablet,West,6,19519,17751,191108.33
2025-10-22,Laptop,East,18,61726,15684,1182000.76
2025-10-25,Monitor,North,11,16543,27007,328008.0
2025-10-21,Monitor,West,17,22229,7634,365283.38
2025-06-19,Tablet,North,3,27410,8707,130010.72
2025-01-24,Laptop,West,20,50135,26875,1011910.22
2025-07-15,Tablet,East,14,22013,16899,381524.44
2025-01-15,Tablet,East,11,26856,24898,351143.89
2025-09-09,Monitor,South,25,16283,25774,524240.13
2025-03-13,Monitor,West,9,17687,18990,231886.51
2025-06-24,Monitor,West,9,16624,6424,159293.88
2025-01-04,Laptop,South,3,66162,10309,241207.93
2025-10-28,Laptop,South,25,69870,11044,1746756.44
2025-08-13,Headphones,East,18,5857,8947,142573.96
2025-08-30,Monitor,South,25,24640,25770,658375.0
2025-01-28,Phone,East,2,29728,29836,120901.34
2025-06-23,Tablet,West,17,21996,15382,462052.64
2025-12-12,Monitor,West,24,15319,5535,381299.06
2025-11-10,Laptop,East,14,67531,7527,904491.11
2025-06-04,Monitor,West,4,24796,23713,168279.28
2025-07-09,Laptop,South,7,57161,17427,507908.94
2025-04-11,Monitor,West,14,21445,7431,389395.75
2025-09-16,Monitor,West,13,23361,23567,360885.78
2025-09-22,Phone,East,20,26269,29210,606154.96
2025-11-03,Laptop,East,17,64225,28003,1343065.88
2025-02-16,Tablet,North,12,22953,12801,430815.35
2025-09-24,Tablet,South,16,15162,3665,283389.38
2025-07-09,Tablet,North,16,20664,22341,371232.07
2025-02-03,Tablet,West,19,17123,24011,386151.43
2025-08-20,Tablet,West,11,21854,25864,413763.55
2025-09-12,Monitor,East,16,12275,3426,200603.78
2025-01-11,Tablet,North,2,25822,6673,75890.98
2025-01-15,Tablet,South,13,18716,9966,295661.82
2025-07-29,Headphones,East,20,7835,25058,236651.48
2025-02-02,Phone,North,1,31884,10378,63886.98
2025-10-11,Laptop,North,7,66168,8684,568497.45
2025-12-12,Tablet,North,1,16215,9034,44549.22
2025-07-23,Monitor,North,25,17058,4848,551723.2
2025-02-20,Phone,North,23,20835,28627,451624.94
2025-02-19,Monitor,West,22,13343,9369,344142.6
2025-12-12,Phone,North,11,25906,20678,416345.73
2025-09-02,Phone,East,6,24147,6324,183662.19
2025-10-18,Tablet,North,22,20628,25970,633512.53
2025-12-27,Monitor,South,8,12148,13745,97673.24
2025-12-14,Headphones,East,10,5529,3180,67267.62
2025-08-21,Tablet,West,19,19035,4492,316121.71
2025-11-22,Monitor,West,8,13299,16142,122433.26
2025-12-08,Headphones,North,3,2897,10190,54970.87
2025-07-11,Phone,West,5,34278,4851,207341.47
2025-07-21,Tablet,North,16,21862,15274,492464.25
2025-07-18,Monitor,West,15,23273,15159,403840.31
2025-04-24,Phone,East,8,24776,17003,262409.08
2025-02-27,Laptop,East,7,64526,16319,480477.41
2025-02-18,Monitor,North,11,23602,22220,332900.15
2025-07-25,Headphones,North,5,3863,16057,63810.82
2025-06-09,Monitor,East,18,17487,9807,337872.21
2025-01-15,Laptop,South,19,60817,17819,1102531.46
2025-05-11,Monitor,North,2,18541,9070,57549.51
2025-08-05,Phone,West,23,28839,9070,675929.23
2025-10-19,Tablet,North,4,21033,15719,167491.55
2025-05-18,Laptop,East,1,62025,29702,233242.66
2025-08-14,Tablet,South,7,23936,27064,232736.49
2025-09-10,Phone,South,9,26307,9844,334648.38
2025-11-26,Phone,South,9,24844,3571,282336.75
2025-12-12,Headphones,North,7,3422,9696,62549.34
2025-07-31,Tablet,North,7,22904,24009,206473.58
2025-08-22,Tablet,West,9,23209,14007,248361.68
2025-02-19,Laptop,East,19,68153,3964,1452183.42
2025-09-22,Tablet,South,8,24060,27585,347967.5
2025-11-01,Laptop,East,24,66825,3432,1368258.59
2025-04-06,Phone,North,2,31713,24654,175102.77
2025-05-12,Phone,North,19,32897,28160,631010.18
2025-07-28,Monitor,South,1,15006,14861,67125.61
2025-05-12,Headphones,East,8,6342,12371,108074.23
2025-08-09,Phone,North,5,25746,3985,130939.49
2025-08-22,Phone,East,10,33805,11104,319094.51
2025-02-27,Phone,South,7,32108,26423,274508.36
2025-05-13,Monitor,East,2,12473,24021,119676.83
2025-04-01,Phone,South,4,31248,3660,126722.12
2025-08-10,Headphones,North,13,5994,5048,76179.18
2025-02-11,Laptop,West,14,56633,11073,899188.66
2025-09-27,Monitor,West,11,20224,23784,332700.83
2025-09-17,Phone,West,2,31964,14398,123713.37
2025-09-08,Tablet,North,11,17052,18914,187703.49
2025-12-29,Tablet,West,11,23573,25155,370847.96
2025-08-20,Tablet,East,14,17753,25199,317273.9
2025-07-11,Monitor,West,3,12430,5480,62197.84
2025-10-10,Tablet,North,2,25996,8511,95864.83
2025-08-25,Phone,East,17,28492,27393,651479.93
2025-07-28,Tablet,West,10,18891,23671,250195.18
2025-02-02,Phone,North,5,25481,29672,189067.67
2025-05-24,Monitor,East,20,18112,27962,430521.89
2025-10-21,Headphones,East,3,2245,22909,71128.33
2025-08-17,Headphones,North,9,3923,20960,170010.14
2025-09-12,Headphones,East,11,5254,21149,141133.58
2025-05-27,Laptop,North,22,65643,12030,1407622.61
2025-03-12,Tablet,West,2,27327,20048,130291.68
2025-07-12,Headphones,East,1,2936,12209,46273.11
2025-06-26,Phone,North,12,27082,11045,376352.17
2025-01-22,Phone,East,2,32685,7088,90971.07
2025-10-15,Phone,West,21,30131,23055,778201.67
2025-06-18,Laptop,North,18,56124,29703,1202958.06
2025-05-17,Laptop,West,23,51018,22209,1349039.05
2025-09-07,Headphones,North,5,4287,14072,75266.36
2025-07-30,Tablet,West,19,23151,16045,647611.34
2025-02-23,Monitor,North,3,14681,15126,93430.44
2025-06-05,Monitor,North,15,17711,9428,265678.33
2025-04-05,Tablet,East,15,16584,9899,331311.55
2025-04-15,Monitor,South,11,13459,16029,185353.79
2025-10-09,Phone,South,10,27979,5191,345552.17
2025-11-23,Tablet,North,11,20251,6819,272981.49
2025-11-11,Phone,South,7,28517,28787,384145.24
2025-07-08,Monitor,East,7,24793,3195,198695.9
2025-02-22,Headphones,East,23,7248,14541,157268.6
2025-02-10,Headphones,North,25,2344,17308,96539.57
2025-08-04,Monitor,West,20,20626,29852,537070.79
2025-12-29,Headphones,East,25,7724,17606,231605.46
2025-09-23,Laptop,South,13,51491,26429,612217.35
2025-01-05,Headphones,South,7,5341,7694,79194.79
2025-08-27,Phone,South,24,28691,12901,723523.18
2025-09-06,Phone,West,20,23570,25366,579026.68
2025-05-02,Monitor,East,17,18051,21926,421965.28
2025-08-29,Laptop,West,8,60966,26357,515101.72
2025-10-10,Monitor,North,24,21844,19072,626828.68
2025-07-15,Laptop,West,5,51739,13993,386137.89
2025-05-31,Headphones,East,8,5575,5414,70574.29
2025-08-27,Phone,West,5,34448,12818,206271.11
2025-06-19,Laptop,West,15,53076,18985,1017326.45
2025-03-05,Phone,West,15,28537,11140,512056.96
2025-08-02,Headphones,South,17,6352,22689,222780.7
2025-09-02,Laptop,West,19,56184,23826,1130173.27
2025-10-29,Monitor,West,18,23258,13241,450976.08
2025-12-26,Tablet,South,13,17572,9749,276507.94
2025-07-09,Tablet,East,11,16006,3544,240297.79
2025-01-01,Phone,South,5,29540,17233,211680.88
2025-04-27,Tablet,East,17,26657,8551,632200.42
2025-11-03,Laptop,North,1,58396,28941,145977.65
2025-01-22,Headphones,North,20,6304,20106,240244.79
2025-04-07,Monitor,North,14,18103,18753,406152.43
2025-10-05,Laptop,North,13,66219,7997,1006600.79
2025-08-29,Phone,North,6,28769,21696,234309.45
2025-01-17,Laptop,East,4,55153,17311,266157.34
2025-12-04,Laptop,West,1,51546,28445,243713.3
2025-10-17,Headphones,North,18,6416,21677,183363.37
2025-10-19,Headphones,North,5,3605,10024,54225.94
2025-10-01,Laptop,North,4,63140,10725,232118.43
2025-02-27,Monitor,North,22,12362,8052,284443.06
2025-07-04,Monitor,West,7,17851,29445,216534.53
2025-02-14,Phone,West,3,29671,25971,190807.05
2025-03-25,Headphones,South,25,5190,3394,194743.07
2025-05-19,Monitor,North,11,12255,7286,146383.59
2025-05-28,Laptop,North,24,65850,19827,1588020.88
2025-04-21,Monitor,South,5,22886,5528,106390.2
2025-03-15,Monitor,East,2,18487,15454,115507.96
2025-04-30,Tablet,South,8,23492,16419,223063.79
2025-11-13,Laptop,South,13,64705,22630,1059298.78
2025-12-23,Phone,East,10,33748,4592,360181.69
2025-12-19,Laptop,West,13,65573,25122,1013132.65
2025-01-06,Laptop,West,23,62595,26124,1747396.91
2025-10-21,Monitor,West,7,21278,17850,193240.2
2025-07-07,Phone,North,3,33499,23461,187135.13
2025-04-01,Tablet,East,16,24485,5170,444179.63
2025-06-10,Laptop,South,8,63458,14410,447217.61
2025-04-06,Laptop,South,17,50029,6929,869632.87
2025-02-08,Headphones,South,3,5895,26622,124733.82
2025-10-23,Tablet,East,9,24985,24197,368994.19
2025-06-16,Monitor,West,12,22438,4031,217556.59
2025-06-13,Monitor,East,25,20595,26990,526080.94
2025-09-24,Phone,North,20,33271,4481,679555.54
2025-05-23,Headphones,South,12,6950,14290,134360.62
2025-08-28,Monitor,West,13,18951,28249,333139.71
2025-12-16,Tablet,South,12,24923,22921,331057.13
2025-06-24,Laptop,South,11,60232,22864,750931.24
2025-01-08,Phone,East,2,20259,29885,170427.27
2025-04-12,Phone,West,17,24185,28791,464144.68
2025-11-21,Monitor,North,22,15857,25360,425435.55
2025-01-09,Laptop,East,3,63222,13140,241400.17
2025-03-15,Laptop,West,12,62104,13496,751601.19
2025-10-09,Laptop,North,23,61081,8898,1734242.59
2025-11-07,Monitor,East,21,23134,16716,446120.25
2025-11-04,Phone,East,4,21439,14471,131006.24
2025-12-05,Tablet,South,17,24906,17940,484096.3
2025-10-14,Monitor,West,2,20717,18619,84005.3
2025-07-13,Laptop,West,6,63664,5085,313020.61
2025-07-27,Monitor,South,23,23662,22358,715507.89
2025-10-27,Laptop,North,13,62272,6370,838252.88
2025-08-16,Monitor,East,11,18552,11387,234469.31
2025-10-31,Laptop,West,14,53366,25138,864504.9
2025-07-12,Tablet,South,3,18758,10016,90566.29
2025-08-03,Monitor,North,3,21980,5516,102454.55
2025-03-17,Phone,South,10,34780,7210,376202.73
2025-08-13,Laptop,West,25,55039,10303,1460608.99
2025-01-03,Headphones,East,24,2486,17151,126462.03
2025-09-06,Phone,South,14,20416,14283,401863.09
2025-07-31,Headphones,South,21,5933,20746,212448.67
2025-09-30,Phone,North,19,34691,15082,679904.25
2025-02-01,Monitor,South,13,22028,7661,272153.6
2025-12-11,Laptop,West,15,57009,24184,912677.31
2025-08-27,Phone,South,20,20373,18985,547900.59
2025-07-26,Headphones,West,24,4943,17775,159372.77
2025-02-07,Laptop,West,1,55314,10144,105803.62
2025-08-05,Monitor,West,20,18393,11306,329963.41
2025-09-24,Phone,East,12,27981,23358,503984.46
2025-10-24,Phone,North,14,22922,15962,426247.32
2025-01-06,Headphones,South,18,4581,18272,152500.9
2025-03-21,Headphones,East,3,2714,6536,26829.84
2025-08-21,Laptop,South,23,65601,5676,1424749.19
2025-08-13,Tablet,West,6,15800,18438,149562.32
2025-03-01,Headphones,East,15,7255,23247,218851.6
2025-10-09,Phone,East,22,22897,18323,444724.75
2025-05-30,Monitor,North,7,21710,29631,238827.97
2025-06-10,Phone,South,23,28546,29732,714104.46
2025-11-22,Phone,North,11,26820,3408,335209.55
2025-09-25,Headphones,North,9,2948,27613,127332.26
2025-07-20,Phone,North,11,22820,28165,398526.94
2025-09-13,Phone,South,24,30728,7805,855747.48
2025-03-28,Tablet,West,3,18700,10500,101007.7
2025-07-06,Phone,South,7,29479,25112,270878.1
2025-10-05,Laptop,West,20,66170,4941,1464747.0
2025-01-07,Headphones,West,22,6896,22686,168104.88
2025-01-23,Tablet,East,15,18652,6982,264445.44
2025-10-23,Phone,South,22,32058,9803,743775.73
2025-07-28,Laptop,West,11,68546,26396,1130397.38
2025-11-16,Tablet,West,17,16222,23509,371254.24
2025-11-28,Monitor,East,18,22876,7896,504645.94
2025-03-15,Headphones,East,24,2953,15959,92103.49
2025-07-06,Monitor,North,7,18043,27527,199281.69
2025-10-22,Monitor,North,22,15424,18586,358210.63
2025-11-25,Tablet,North,15,22782,5719,334669.61
2025-10-21,Laptop,West,7,60845,12876,421930.88
2025-11-08,Monitor,East,18,14291,16033,338988.26
2025-03-06,Tablet,East,6,19432,20093,191630.05
2025-02-12,Phone,West,7,27650,11453,214310.59
2025-01-26,Tablet,North,16,23923,19706,430250.56
2025-03-15,Monitor,South,10,16557,4711,171087.7
2025-03-11,Monitor,West,25,18327,14595,449858.72
2025-08-03,Phone,North,24,30323,28520,702791.51
2025-01-18,Laptop,North,21,57729,16329,1633095.27
2025-03-06,Phone,West,22,27213,4071,632413.36
2025-08-21,Laptop,East,12,51853,12007,655572.49
2025-08-20,Headphones,North,8,4465,29796,205442.41
2025-07-14,Laptop,North,2,61599,22453,213425.77
2025-03-13,Laptop,East,19,68077,26887,1157061.73
2025-10-24,Headphones,East,11,3023,28716,159634.87
2025-12-02,Laptop,North,19,55385,8667,1170790.36
2025-04-07,Headphones,West,9,7943,3042,78118.55
2025-07-24,Monitor,North,2,21836,23830,101051.59
2025-01-17,Headphones,South,12,7431,20023,170418.23
2025-09-18,Phone,East,25,21196,10463,588718.42
2025-04-16,Tablet,South,5,17880,9419,134630.96
2025-10-30,Headphones,North,11,7078,9109,105725.51
2025-07-19,Headphones,East,20,4983,4869,104736.04
2025-09-18,Laptop,North,20,58014,23696,1475072.09
2025-01-09,Headphones,South,7,2510,3116,23780.33
2025-08-03,Headphones,West,9,5010,9368,75848.24
2025-12-11,Tablet,West,19,26367,17946,495748.29
2025-11-13,Laptop,West,7,61293,14329,543603.88
2025-05-29,Laptop,South,25,69263,15831,2067669.88
2025-04-02,Tablet,West,25,15905,14452,474924.16
2025-01-11,Tablet,West,10,19283,12428,329260.38
2025-11-12,Phone,South,1,30826,23957,149632.37
2025-11-30,Monitor,West,11,24014,28596,517089.4
2025-11-10,Phone,West,25,27829,17801,925156.21
2025-05-08,Laptop,West,12,57252,22677,819727.69
2025-10-09,Phone,South,12,23502,24932,402031.2
2025-05-26,Laptop,North,3,50366,4067,148920.58
2025-07-19,Laptop,West,13,63580,20892,913399.13
2025-08-02,Phone,South,4,31218,28706,251641.45
2025-05-04,Phone,North,3,21902,14248,121095.77
2025-03-22,Tablet,South,13,25754,11647,401427.45
2025-09-12,Monitor,West,4,14497,22089,146127.14
2025-10-17,Headphones,West,8,7697,22767,149870.64
2025-05-11,Headphones,South,3,5905,16828,93895.32
2025-06-19,Monitor,West,10,19602,22514,314887.95
2025-05-13,Tablet,East,23,20283,7570,485055.14
2025-08-25,Tablet,East,23,18213,15914,394075.54
2025-06-08,Phone,South,13,29563,16972,386426.09
2025-07-29,Headphones,East,5,2076,12068,47763.61
2025-01-10,Tablet,West,5,26736,11752,194593.95
2025-08-17,Laptop,North,4,66366,19175,376231.84
2025-04-06,Tablet,West,19,20626,9337,430308.97
2025-12-08,Laptop,North,18,60003,10162,1256118.38
2025-02-11,Phone,North,6,30712,14376,225057.27
2025-11-23,Laptop,West,19,61867,17892,1460675.56
2025-08-04,Headphones,South,23,6764,23509,257610.01
2025-02-09,Phone,West,7,24064,9958,187775.79
2025-12-22,Phone,East,24,20774,24017,592755.17
2025-12-12,Laptop,West,5,54454,17401,401504.92
2025-03-24,Headphones,North,16,3107,20460,110037.9
2025-01-23,Monitor,West,11,18186,27491,321104.31
2025-09-25,Phone,West,15,29058,12754,437136.1
2025-12-29,Headphones,East,5,6661,6232,65634.26
2025-02-28,Tablet,West,7,25378,20618,222773.91
2025-02-15,Monitor,West,6,18444,21186,228133.33
2025-12-31,Monitor,East,22,13681,3826,278207.7
2025-10-24,Monitor,West,6,23842,17349,162388.71
2025-05-17,Laptop,South,9,65438,20076,690912.68
2025-09-10,Headphones,West,2,3199,13321,35454.46
2025-11-13,Laptop,South,17,57440,21430,1154846.61
2025-09-10,Tablet,East,5,24347,22864,215063.59
2025-05-31,Tablet,West,17,24815,24643,420974.35
2025-03-19,Phone,South,16,29984,18336,712719.16
2025-04-10,Monitor,North,22,15769,5556,367368.79
2025-01-17,Tablet,South,13,16315,21408,277203.89
2025-05-09,Headphones,West,3,5295,15094,93070.13
2025-04-15,Tablet,South,10,26379,13274,299551.48
2025-06-10,Tablet,South,8,24336,17968,211559.12
2025-02-01,Phone,North,18,31110,9515,568236.14
2025-12-24,Tablet,South,9,27871,5228,243054.71
2025-04-18,Laptop,North,1,57586,21172,140890.44
2025-07-31,Headphones,South,9,4725,14689,87016.22
2025-04-02,Monitor,South,1,23822,5491,34113.36
2025-07-08,Phone,West,18,32999,17673,592173.44
2025-11-14,Tablet,West,7,19422,15843,168897.88
2025-01-16,Phone,West,14,30492,4122,397726.45
2025-01-05,Laptop,West,6,66540,13221,532304.24
2025-11-19,Tablet,East,11,20562,19149,313222.11
2025-12-16,Laptop,East,16,69695,20335,1205702.11
2025-08-05,Monitor,West,24,15172,8675,436574.52
2025-07-02,Headphones,West,7,7426,10658,101136.78
2025-12-30,Laptop,East,19,58967,28106,1417107.7
2025-04-01,Phone,West,2,33449,24430,166038.23
2025-06-12,Phone,North,13,34176,18958,494733.73
2025-04-09,Headphones,West,10,3948,27186,210602.74
2025-07-24,Monitor,South,19,23639,19909,578821.55
2025-01-18,Monitor,West,19,13572,8794,263015.09
2025-03-23,Tablet,East,2,25462,24297,98918.0
2025-04-19,Tablet,East,22,26166,7564,629246.18
2025-07-29,Headphones,East,2,2407,4339,16314.79
2025-09-29,Monitor,South,22,14794,13143,279188.15
2025-09-26,Monitor,North,23,19168,22668,595095.57
2025-02-07,Phone,North,17,30332,23301,685741.22
2025-07-27,Phone,West,13,24794,5192,321573.01
2025-12-08,Headphones,West,15,5162,14582,130315.04
2025-08-26,Laptop,East,18,68195,4277,1336915.67
2025-04-29,Phone,West,23,28172,6288,631954.66
2025-03-01,Tablet,North,10,20331,20931,284908.29
2025-02-28,Laptop,North,19,50763,23743,978109.48
2025-09-18,Headphones,South,4,5201,19747,61478.04
2025-08-31,Tablet,East,11,21348,25931,377230.7
2025-09-04,Headphones,West,5,2656,20462,67031.84
2025-06-11,Laptop,East,17,56013,6742,989045.16
2025-08-26,Phone,North,19,32804,12671,706530.84
2025-11-16,Tablet,West,19,26628,4011,505932.48
2025-01-01,Headphones,East,23,2735,5841,70628.16
2025-12-05,Monitor,West,6,19380,7965,171644.78
2025-03-02,Laptop,East,23,64565,10804,1646971.09
2025-11-24,Headphones,South,12,6645,20214,171098.27
2025-08-16,Headphones,East,12,6072,28375,136643.22
2025-09-09,Headphones,West,18,6543,15082,161098.7
2025-10-28,Laptop,North,1,64403,15181,105644.34
2025-05-12,Laptop,East,19,53184,11525,1028878.98
2025-04-14,Tablet,East,21,15556,23179,419713.64
2025-10-18,Monitor,East,1,19418,23837,75465.28
2025-02-17,Tablet,East,22,18841,3231,368166.94
2025-05-05,Monitor,South,18,24140,20103,551257.94
2025-09-26,Headphones,East,17,6099,20026,182831.1
2025-09-23,Headphones,South,20,7040,28879,212797.85
2025-07-16,Headphones,North,21,6897,5495,188120.35
2025-10-14,Tablet,South,11,18190,19580,233107.52
2025-10-06,Laptop,North,19,66106,4767,1249210.89
2025-05-04,Laptop,West,4,67367,29086,437412.02
2025-07-14,Laptop,North,14,65713,6157,1055024.62
2025-07-22,Tablet,East,2,17754,4838,36782.77
2025-01-16,Headphones,South,16,4860,25215,150958.76
2025-02-01,Headphones,East,25,2549,12565,96398.39
2025-07-27,Monitor,North,22,19000,19696,511555.49
2025-10-15,Headphones,West,16,6504,14522,173123.68
2025-06-07,Tablet,South,4,18808,20746,188750.08
2025-06-16,Laptop,North,25,68819,21766,1869129.95
2025-08-06,Headphones,North,21,4971,11800,155560.18
2025-10-03,Monitor,West,3,12605,20945,124318.6
2025-09-28,Phone,North,14,22554,29501,500692.15
2025-05-05,Laptop,East,20,61168,19971,1264647.06
2025-02-02,Phone,South,23,34004,26281,734590.39
2025-06-23,Phone,East,14,34191,28039,643080.98
2025-11-07,Laptop,North,5,55674,26243,442589.56
2025-01-15,Monitor,West,1,17709,21797,72676.55
2025-09-12,Laptop,West,11,51435,13979,641184.13
2025-06-11,Monitor,West,16,15523,27152,323008.3
2025-08-20,Tablet,North,14,21319,23458,373223.88
2025-08-19,Tablet,East,2,25511,8356,57944.25
2025-12-31,Tablet,North,16,19588,28975,354383.61
2025-02-09,Laptop,East,9,62171,28099,806598.71
2025-07-20,Monitor,East,23,23909,20300,525334.81
2025-03-11,Phone,West,25,28022,26574,914469.23
2025-07-16,Headphones,North,23,2266,8910,67757.47
2025-08-08,Laptop,West,15,51207,23664,829496.53
2025-05-26,Headphones,South,17,3016,28160,99489.05
2025-08-14,Laptop,East,8,61370,20954,659835.87
2025-02-11,Tablet,East,7,24780,13853,271813.25
2025-06-08,Tablet,South,15,18577,15558,454276.42
2025-11-10,Headphones,West,8,4974,16679,69735.46
2025-08-18,Monitor,East,15,13167,3825,183756.11
2025-07-05,Headphones,West,13,5139,4861,73749.94
2025-08-14,Monitor,West,25,21904,28445,735238.44
2025-04-09,Monitor,East,13,19351,4379,278725.99
2025-12-13,Laptop,West,12,65421,29481,965123.52
2025-07-23,Tablet,North,17,27914,27676,560090.41
2025-03-05,Monitor,North,24,15592,25861,538576.11
2025-10-10,Tablet,South,14,16848,25305,265116.56
2025-03-24,Laptop,West,19,65321,6930,1633749.32
2025-08-23,Monitor,East,8,22645,10985,252720.43
2025-12-16,Phone,East,11,24735,28590,392249.19
2025-01-29,Headphones,South,14,2892,22609,121476.74
2025-09-18,Laptop,South,18,56879,26106,893413.52
2025-02-26,Phone,West,11,34406,17481,577134.93
2025-12-18,Headphones,North,16,3830,9075,113853.05
2025-01-13,Headphones,South,17,2159,13891,73700.67
2025-10-09,Phone,North,17,27110,9580,530534.74
2025-11-11,Headphones,East,8,3214,7454,60854.18
2025-04-25,Tablet,North,6,16801,29886,174776.99
2025-02-24,Laptop,North,9,56836,14061,466903.15
2025-03-25,Laptop,East,23,65465,10183,2038790.2
2025-04-01,Monitor,North,23,20668,6116,419955.86
2025-08-06,Phone,West,6,20078,20267,213108.81
2025-03-27,Headphones,East,15,5108,25411,139660.79
2025-04-05,Monitor,West,5,21650,5432,125463.56
2025-09-23,Phone,North,1,34854,3432,38067.01
2025-05-10,Tablet,South,14,23155,8935,316417.48
2025-01-15,Tablet,South,18,25658,13975,465821.12
2025-03-30,Headphones,West,11,4100,10470,76538.73
2025-08-01,Monitor,South,21,14838,11925,325958.51
2025-08-29,Phone,East,5,32319,28648,280805.88
2025-06-21,Phone,South,19,24166,18697,560167.81
2025-05-23,Laptop,West,25,60016,11022,1525908.37
2025-11-17,Laptop,West,24,56202,5899,1361034.93
2025-05-16,Headphones,East,16,3627,25270,155401.54
2025-01-28,Laptop,West,9,60043,28125,718800.56
2025-05-18,Tablet,West,19,21225,27844,404341.37
2025-10-13,Headphones,West,21,7287,10322,213834.99
